total_population,rural_population,urban_population,code,state,district,total,rural,urban
-,-,-,645,CHHATTISGARH,Gariaband,-,-,-
6695,6695,-,25,HIMACHAL PRADESH,LAHAUL & SPITI,11.23226288,11.23226288,-
44517,41968,2549,18,JAMMU & KASHMIR,KISHTWAR,10.25226318,10.87495234,-
41947,39486,2461,13,JAMMU & KASHMIR,SHUPIYAN,0.8486900136,0.901585372,-
19535,19535,-,34,HIMACHAL PRADESH,KINNAUR,0.5682109035,0.5682109035,-
8903,7951,7951,241,SIKKIM,NORTH SIKKIM,0.494215433,0.5533895108,-
26327,25586,741,639,ANDAMAN AND NICOBAR ISLANDS,NORTH AND MIDDLE ANDAMAN,0.3874349527,0.3986555147,-
27860,26731,1129,242,SIKKIM,WEST SIKKIM,0.2333094042,0.2431633684,-
117836,100283,17553,7,JAMMU & KASHMIR,KATHUA,0.07892324926,0.09273755273,-
9959,9959,-,638,ANDAMAN AND NICOBAR ISLANDS,NICOBAR,0.08032935034,0.08032935034,-
105068,97893,7175,28,HIMACHAL PRADESH,HAMIRPUR,0.04187764115,0.04494703401,-
10689,5410,5279,494,DAMAN AND DIU,DIU,0.009355412106,0.01848428835,-
97259,89657,7602,320,ASSAM,CHIRANG,17.95206613,1.659658476,12.64141016
35790,30882,4908,279,MANIPUR,UKHRUL,2.99525007,3.030891782,2.770986145
117803,109546,8257,240,BIHAR,ARWAL,3.532168111,3.655998393,1.889306043
1029114,388459,640655,341,WEST BENGAL,HOWRAH (HAORA),1.348247133,0.8374114128,1.65799065
247247,223720,23527,317,ASSAM,KARIMGANJ,0.8093121453,0.7200965493,1.657669911
964183,-,964183,342,WEST BENGAL,KOLKATA,1.604570917,-,1.604570917
382289,234411,147878,327,WEST BENGAL,DARJEELING,0.8849326033,0.5434898533,1.426175631
396221,338680,57541,331,WEST BENGAL,DAKSHIN DINAJPUR (SOUTH DINAJPUR),0.8813263305,0.7918979568,1.407691907
838938,729770,109168,332,WEST BENGAL,MALDA,0.8616846537,0.7881935404,1.352960575
403470,238261,165209,289,TRIPURA,WEST TRIPURA,1.659850794,1.897498961,1.317119527
2283567,988219,1295348,337,WEST BENGAL,NORTH 24 PARGANAS,1.33943957,1.381272775,1.307525082
1269438,777386,492052,338,WEST BENGAL,HOOGLY (HUGLI),1.033134348,0.9494639729,1.16532399
1705506,1064226,641280,335,WEST BENGAL,BARDDHAMAN (BURDWAN),0.9903805674,0.8859020546,1.163766218
1262269,1109569,152700,344,WEST BENGAL,WEST MIDNAPORE (PASCHIM MEDINIPUR),1.138663787,1.146210826,1.083824492
338472,306688,31784,303,ASSAM,BARPETA,17.57102508,0.8732001252,1.066574377
569254,496403,72851,340,WEST BENGAL,PURULIA,0.892396013,0.8698577567,1.045970543
1099545,978844,120701,345,WEST BENGAL,EAST MIDNAPORE (PURBA MEDINIPUR),1.053890473,1.064112361,0.9709944408
861401,620432,240969,328,WEST BENGAL,JALPAIGURI,0.7029246541,0.6092529077,0.9441048434
387122,351828,35294,235,BIHAR,AURANGABAD,1.6250691,1.693441113,0.943503145
1770331,1291490,478841,343,WEST BENGAL,SOUTH 24 PARGANAS,3.297857858,4.171383441,0.9418575268
368043,299194,68849,316,ASSAM,CACHAR,1.130031002,1.196213828,0.8424232741
1561892,1282692,279200,333,WEST BENGAL,MURSHIDABAD,0.6729658645,0.6376433314,0.835243553
1231856,879934,351922,336,WEST BENGAL,NADIA,0.7010559676,0.671868572,0.7740351555
673931,604602,69329,329,WEST BENGAL,COOCH BEHAR (KOCH BIHAR),0.7135745351,0.7138580422,0.7111021362
812954,711236,101718,334,WEST BENGAL,BIRBHUM,0.7087731901,0.7132653578,0.6773629053
30333,25388,4945,263,NAGLAND,ZUNHEBOTO,0.5142913658,0.4844808571,0.6673407482
598172,529416,68756,330,WEST BENGAL,UTTAR DINAJPUR (NORTH DINAJPUR),0.616879426,0.610484005,0.6661236838
143567,133055,10512,318,ASSAM,HAILAKANDI,0.6018096081,0.5990004134,0.6373668189
877182,630786,246396,552,ANDHRA PRADESH,KURNOOL,0.4159912082,0.3303814606,0.6351564149
346749,313669,33080,237,BIHAR,NAWADA,1.519542955,1.615078315,0.6136638452
188849,176770,12079,366,JHARKHAND,GUMLA,0.5327007292,0.5283701986,0.5960758341
756438,691417,65021,339,WEST BENGAL,BANKURA,0.7457319701,0.7607565333,0.5859645345
205283,173665,31618,290,TRIPURA,SOUTH TRIPURA,1.551516687,1.73437365,0.5471566829
167810,127165,40645,89,HARYANA,PALWAL,0.2961682856,0.2162544725,0.5461926436
42888,29499,13389,315,ASSAM,DIMA HASAO,3.79360194,5.274755076,0.5302860557
49916,46647,3269,274,MANIPUR,CHURACHANDPUR,8.177738601,8.714386777,0.5200367085
590733,462799,127934,533,TELANGANA,NIZAMABAD,0.3082610926,0.2586436012,0.4877514969
560857,480208,80649,305,ASSAM,NAGAON,0.4311259376,0.4216922667,0.4872968047
1263714,352247,911467,537,TELANGANA,RAGAREDDY,0.4339589496,0.3213654055,0.4774720314
111393,41512,69881,277,MANIPUR,IMPHAL WEST,0.4856678606,0.5058778185,0.4736623689
24477,21069,3408,273,MANIPUR,TAMENGLONG,9.886832537,11.41012862,0.4694835681
167458,150784,16674,171,UTTAR PRADESH,CHITRAKOOT,0.6318002126,0.6505995331,0.4617968094
116606,108683,7923,367,JHARKHAND,SIMDEGA,0.6243246488,0.6367141135,0.4543733434
197545,168874,28671,302,ASSAM,GOALPARA,1.002303273,1.095491313,0.4534198319
186276,180317,5959,181,UTTAR PRADESH,SHRAWASTI,0.6039425369,0.6089276108,0.4530961571
666988,615793,51195,194,UTTAR PRADESH,JAUNPUR,0.5613294392,0.5711334815,0.443402676
150931,122693,28238,292,TRIPURA,NORTH TRIPURA,1.637834507,1.913719609,0.4391245839
419813,339844,79969,438,MADHYA PRADESH,DHAR,0.2081879313,0.154482645,0.4364191124
651770,473949,177821,532,TELANGANA,ADILABAD,0.3689951977,0.345817799,0.430770269
487322,411602,75720,229,BIHAR,NALANDA,1.286008019,1.443870535,0.4278922345
181646,159632,22014,239,BIHAR,JEHANABAD,1.068011407,1.156409742,0.4270009994
1126166,583474,542692,544,ANDHRA PRADESH,VISAKHAPATNAM,0.3879534633,0.3561426902,0.4221547397
881512,-,881512,536,TELANGANA,HYDERABAD,0.4172376553,-,0.4172376553
17204,14048,3156,281,MIZORAM,MAMIT,1.819344339,2.135535308,0.411913815
294718,256548,38170,196,UTTAR PRADESH,CHANDAULI,0.4648511458,0.4794424435,0.3667801939
541704,301485,240219,197,UTTAR PRADESH,VARANASI,0.4244015182,0.4710018741,0.3659161016
499179,207157,292022,354,JHARKHAND,DHANBAD,0.3383555799,0.3026689902,0.3636712302
563306,458960,104346,224,BIHAR,BHAGALPUR,0.4690168399,0.4939428273,0.3593812892
20777,14590,6187,3,JAMMU & KASHMIR,LEH,12.73042306,17.97806717,0.3555842896
44891,28147,16744,275,MANIPUR,BISHNUPUR,0.3341427012,0.323302661,0.3523650263
265588,237411,28177,380,ODISHA,JAGATSINGHPUR,0.4307423528,0.440164946,0.3513503922
45660,41925,3735,297,MEGHALAYA,RIBHOI,1.097240473,1.163983304,0.3480589023
984303,913167,71136,204,BIHAR,PURBA CHAMPARAN,0.4581922436,0.4670558616,0.3444107063
176991,152837,24118,314,ASSAM,KARBI ANGLONG,4.778209061,5.479039761,0.3441413052
262659,225191,37468,107,RAJASTHAN,KARAULI,1.715532306,1.944571497,0.338955909
850353,822111,28242,221,BIHAR,SAMASTIPUR,0.3497371092,0.3504392959,0.329296792
163474,129475,33999,169,UTTAR PRADESH,MAHOBA,0.7719882061,0.8889747055,0.3264801906
412147,271428,140719,147,UTTAR PRADESH,FIROZABAD,0.3173624944,0.3135269758,0.3247606933
390819,335481,55338,199,UTTAR PRADESH,MIRZAPUR,0.5890194694,0.6328227232,0.3234666956
947863,859579,88284,216,BIHAR,MUZAFFARPUR,0.3352805205,0.3367927788,0.3205563862
632626,595165,37461,220,BIHAR,VAISHALI,0.4157274598,0.4220678299,0.3149942607
1227257,754361,472896,547,ANDHRA PRADESH,KRISHNA,0.2802998883,0.2592923017,0.3138110705
415555,357782,57773,231,BIHAR,BHOJPUR,1.733103921,1.963486145,0.3063714884
1287831,877109,410722,548,ANDHRA PRADESH,GUNTUR,0.2298438227,0.1943886108,0.3055594782
703136,475919,227217,551,ANDHRA PRADESH,YSR (KADAPA),0.2430539753,0.2149525444,0.3019140293
588976,404600,184376,132,UTTAR PRADESH,SAHARANPUR,0.2511137975,0.2293623332,0.2988458368
672610,367102,305508,146,UTTAR PRADESH,AGRA,0.2560176031,0.2260951997,0.2919727143
62817,53197,9620,22,JAMMU & KASHMIR,SAMBA,0.0939236194,0.05827396282,0.2910602911
829843,242727,587116,140,UTTAR PRADESH,GHAZIABAD,0.2675204828,0.2150564214,0.2892103094
106777,96737,10040,1,JAMMU & KASHMIR,KUPWARA,2.779624826,3.038134323,0.2888446215
873859,750446,123413,538,TELANGANA,MAHABUBNAGAR,0.345822381,0.3563214408,0.2819800183
102654,93762,8892,365,JHARKHAND,KHUNTI,4.034913398,4.390904631,0.2811515969
690505,603194,87311,236,BIHAR,GAYA,0.9435123569,1.04012971,0.276024785
326918,267308,59610,200,UTTAR PRADESH,SONBHADRA,2.06014964,2.458212998,0.2751216239
404814,377001,27813,395,ODISHA,KALAHANDI,0.8448324416,0.8870002997,0.2732535145
83097,73160,9937,291,TRIPURA,DHALAI,4.228792857,4.766265719,0.2717117842
137450,126306,11144,399,ODISHA,MALKANGIRI,0.7209894507,0.7608506326,0.2692031587
376477,352651,23826,184,UTTAR PRADESH,SIDDHARTHNAGAR,0.3936495457,0.4020972576,0.268614119
168999,161808,7191,453,MADHYA PRADESH,DINDORI,2.100604146,2.18221596,0.2642191628
432081,387345,44736,393,ODISHA,BALANGIR,0.3751611388,0.388284346,0.2615343348
168047,159630,8417,326,ASSAM,UDALGURI,0.4576100734,0.4679571509,0.2613757871
7186,5652,1534,252,ARUNACHAL PRADESH,Upper Siang,6.498747565,8.191790517,0.260756193
148889,143121,5768,205,BIHAR,SHEOHAR,0.5695518138,0.5820249998,0.2600554785
354143,282019,72124,566,KARNATAKA,CHITRADURGA,0.5554253508,0.6311631486,0.2592756919
604612,406432,198180,143,UTTAR PRADESH,ALIGARH,0.3741242317,0.4310684198,0.2573418105
410783,290944,119839,145,UTTAR PRADESH,MATHURA,0.324015356,0.3516140563,0.2570114904
1022116,727635,294481,554,ANDHRA PRADESH,CHITTOOR,0.249775955,0.2476516385,0.2550249422
91806,54014,37792,278,MANIPUR,IMPHAL EAST,0.2897414112,0.3147332173,0.2540220152
164430,140728,23702,227,BIHAR,LAKHISARAI,0.9456911756,1.062333011,0.2531431947
961165,698439,262726,553,ANDHRA PRADESH,ANANTAPUR,0.234611123,0.2277936942,0.2527347883
544879,516701,28178,218,BIHAR,SIWAN,0.6206882629,0.6407961277,0.2519696217
659930,608684,51246,191,UTTAR PRADESH,AZAMGARH,0.2970011971,0.3008129013,0.2517269641
473021,416615,56406,172,UTTAR PRADESH,FATEHPUR,0.5259808761,0.5633498554,0.2499734071
391438,204021,187417,355,JHARKHAND,BOKARO,0.579402102,0.8832424113,0.2486433995
568745,268299,300446,138,UTTAR PRADESH,MEERUT,0.2494966989,0.2519577039,0.2472990155
152075,107424,44651,400,CHHATTISGARH,Koriya,3.393720204,4.701928805,0.2463550648
308291,283684,24607,238,BIHAR,JAMUI,0.8491976736,0.9017075337,0.2438330556
368212,339776,28436,214,BIHAR,SAHARSA,0.3473542416,0.3561169712,0.2426501618
805786,732270,73516,215,BIHAR,DARBHANGA,0.4147503183,0.432081063,0.2421241634
309527,274191,35336,378,ODISHA,BHADRAK,0.2994892206,0.307085207,0.2405478832
901539,871575,29964,207,BIHAR,MADHUBANI,0.4544451211,0.4618076471,0.240288346
50402,44544,5858,417,CHHATTISGARH,Bijapur,3.914527201,4.397898707,0.2389894162
300052,194695,105357,67,UTTARAKHAND,UDHAM SINGH NAGAR,0.2159625665,0.2039086777,0.2382376112
784739,520831,263908,135,UTTAR PRADESH,MORADABAD,0.7457256489,1.003204494,0.237582794
251018,239500,11518,351,JHARKHAND,GODDA,0.5421921934,0.556993737,0.2344156972
534254,506922,27332,173,UTTAR PRADESH,PRATAPGARH,0.3934458142,0.402034238,0.2341577638
278738,232517,46221,160,UTTAR PRADESH,KANNAUJ,1.111796741,1.286357557,0.2336600247
380013,366656,13357,225,BIHAR,BANKA,0.559454545,0.5713802583,0.2320880437
224517,193809,30708,352,JHARKHAND,SAHIBGANJ,0.4645527956,0.501524697,0.2312101081
567717,514291,53426,176,UTTAR PRADESH,BARABANKI,0.8886469843,0.9572401617,0.2283532363
524961,485939,39022,195,UTTAR PRADESH,GHAZIPUR,0.516990786,0.5401912586,0.2280764697
358220,214711,143509,166,UTTAR PRADESH,JHANSI,0.4156663503,0.5421240644,0.2264666328
857276,692542,164734,549,ANDHRA PRADESH,PRAKASAM,0.2239652107,0.2239575361,0.2239974747
107727,103239,4488,391,ODISHA,BAUDH,0.262701087,0.2644349519,0.2228163993
695366,559062,136304,188,UTTAR PRADESH,GORAKHPUR,0.2805716702,0.2949583409,0.2215635638
681387,481057,200330,133,UTTAR PRADESH,MUZAFFARNAGAR,0.2938124737,0.3242858954,0.2206359507
259914,204968,54946,144,UTTAR PRADESH,HATHRAS (earlier MAHAMAYA NAGAR),0.3782020207,0.4205534522,0.2202162123
388116,318563,69553,514,MAHARASHTRA,JALNA,0.1963330551,0.1911709772,0.2199761333
898553,696236,202317,175,UTTAR PRADESH,ALLAHABAD,0.385063541,0.4330428188,0.2199518577
276393,254926,21467,174,UTTAR PRADESH,KAUSHAMBI,0.4041346923,0.419729647,0.2189406997
308056,239285,68771,159,UTTAR PRADESH,FARRUKHABAD,0.6450125951,0.7681216959,0.2166610926
301227,252871,48356,360,JHARKHAND,HAZARIBAGH,0.3356272844,0.3586809084,0.2150715527
627925,595287,32638,179,UTTAR PRADESH,SULTANPUR,0.3393717403,0.3463875408,0.2114100129
821148,291529,529619,164,UTTAR PRADESH,KANPUR NAGAR,0.4492491,0.881558953,0.2112839607
708065,635151,72914,203,BIHAR,PASHCHIM CHAMPARAN,0.4495350003,0.4768944708,0.2112077242
24208,21836,2372,295,MEGHALAYA,SOUTH GARO HILLS,2.18935889,2.404286499,0.2107925801
360186,256063,104123,513,MAHARASHTRA,PARBHANI,0.1943440334,0.1882349266,0.209367767
295922,249585,46337,384,ODISHA,ANGUL,0.3375889593,0.3613999239,0.2093359518
124000,117183,6817,6,JAMMU & KASHMIR,RAJOURI,0.3233870968,0.3302526817,0.2053689306
455878,387316,68562,234,BIHAR,ROHTAS,0.6058638495,0.6769666112,0.2041947434
219685,187958,31727,198,UTTAR PRADESH,SANT RAVIDAS NAGAR (BHADOHI),0.4278853813,0.4660615669,0.2017209317
567491,475335,92156,156,UTTAR PRADESH,UNNAO,0.7071477786,0.8053267695,0.2007465602
733083,696184,36899,206,BIHAR,SITAMARHI,0.4160511156,0.4274731967,0.2005474403
159947,151921,8026,394,ODISHA,NUAPADA,0.707734437,0.734592321,0.1993521057
353066,60315,292751,88,HARYANA,FARIDABAD,0.2129913387,0.2835115643,0.1984621743
957441,544392,413049,230,BIHAR,PATNA,0.437415987,0.6192229129,0.1977973558
417829,362059,55770,177,UTTAR PRADESH,FAIZABAD,0.3714438203,0.3982776288,0.1972386588
103748,86465,17283,228,BIHAR,SHEIKHPURA,0.9831514824,1.140345805,0.1967251056
793861,710299,83562,154,UTTAR PRADESH,SITAPUR,0.8124848053,0.8851202099,0.1950647423
640713,576602,64111,211,BIHAR,PURNIA,0.2292758224,0.2330897222,0.1949743414
272925,255926,16999,362,JHARKHAND,DUMKA,0.3865530823,0.3993341825,0.1941290664
69203,56316,12887,15,JAMMU & KASHMIR,KULGAM,1.507160094,1.807656794,0.1939939474
273663,253461,20202,397,ODISHA,NABARANGPUR,0.5773524371,0.6079830822,0.1930501931
262398,236453,25945,232,BIHAR,BUXUR,1.128057378,1.230688551,0.1927153594
113399,98284,15115,114,RAJASTHAN,JAISALMER,3.828957927,4.388303284,0.1918623884
129559,119112,10447,308,ASSAM,DHEMAJI,2.099429604,2.266774129,0.1914425194
188052,175393,12659,325,ASSAM,DARRANG,0.8875204731,0.9378937586,0.1895884351
747586,578490,169096,541,TELANGANA,KHAMMAN,0.2371633498,0.2511711525,0.1892416142
114067,92379,21688,416,CHHATTISGARH,Dantewada (Dakshin Bastar Dantewada),1.755985517,2.123859319,0.189044633
237186,193734,43452,463,MADHYA PRADESH,SINGRAULI,0.2297774742,0.2389874777,0.1887139832
364457,321866,42591,178,UTTAR PRADESH,AMBEDKAR NAGAR,0.2826122149,0.2951538839,0.1878331103
263749,193801,69948,226,BIHAR,MUNGER,0.3848355823,0.4566539904,0.1858523475
179085,71412,107673,585,GOA,NORTH GOA,0.1680766117,0.1414328124,0.1857475876
240217,178789,61428,79,HARYANA,SIRSA,0.1864980414,0.1868123878,0.1855831217
320991,296167,24824,182,UTTAR PRADESH,BALRAMPUR,0.3417541302,0.3548673552,0.185304544
132685,122902,9783,359,JHARKHAND,LATEHAR,1.882654407,2.017867895,0.1839926403
708721,619495,89226,155,UTTAR PRADESH,HARDOI,1.150805465,1.290083052,0.1838029274
540373,467403,72970,430,MADHYA PRADESH,REWA,0.2603757034,0.2723559755,0.1836371111
641742,585844,55898,219,BIHAR,SARAN,0.5757765582,0.6133032002,0.1824752227
22894,19039,3855,287,MIZORAM,LAWNGTLAI,6.272385778,7.505646305,0.1815823606
327701,312199,15502,223,BIHAR,KHAGARIA,0.3390285657,0.3468941284,0.1806218552
401001,383792,17209,213,BIHAR,MADHEPUARA,0.2985029963,0.3038103973,0.1801382997
561455,529611,31844,209,BIHAR,ARARIA,0.2514894337,0.2558481603,0.1789976134
391448,356247,35201,349,JHARKHAND,GIRIDIH,0.7219349697,0.7755854786,0.1789721883
1407410,1063044,344366,545,ANDHRA PRADESH,EAST GODAVARI,0.1972417419,0.2032841538,0.1785890593
312836,234453,78383,137,UTTAR PRADESH,JYOTIBA PHULE NAGAR,1.045276119,1.335448896,0.177334371
772625,567914,204711,550,ANDHRA PRADESH,SRI POTTI SRIRAMULU NELLORE,0.1421129267,0.1303014189,0.1748806855
489636,247940,241696,386,ODISHA,KHURDA,0.1903454811,0.206501573,0.1737720111
299214,253752,45462,424,MADHYA PRADESH,TIKAMGARH,0.1925043614,0.1958605252,0.1737715015
299883,256019,43864,368,JHARKHAND,PASHCHIMI SINGHBHUM,3.64108669,4.235232541,0.1732628123
245048,235155,9893,233,BIHAR,KAIMUR (BHABUA),0.4607260618,0.4728795901,0.1718386738
233654,209035,24619,426,MADHYA PRADESH,PANNA,0.2863207991,0.2999497692,0.1705999431
666764,511576,155188,535,TELANGANA,MEDAK,0.3155539291,0.3596728541,0.1701162461
556789,322679,243110,364,JHARKHAND,RANCHI,0.3132245788,0.4140337611,0.1678252643
200424,161665,38759,580,KARNATAKA,YADGIR,0.265437273,0.2888689574,0.1677029851
355515,316135,39380,358,JHARKHAND,PALAMU,0.4362685119,0.4697360305,0.1675977654
359337,264274,95063,559,KARNATAKA,RAICHUR,0.3063976156,0.3564482318,0.1672575029
142987,109465,33522,14,JAMMU & KASHMIR,ANANTNAG,0.2846412611,0.3206504362,0.1670544717
254710,241497,13213,346,JHARKHAND,GARHWA,0.7746064151,0.8078775306,0.1665026867
85295,54653,30642,276,MANIPUR,THOUBAL,0.1969634797,0.2140779097,0.166438222
583941,483188,100753,112,RAJASTHAN,NAGAUR,0.5846481066,0.6719951654,0.1657518883
379790,358566,21224,185,UTTAR PRADESH,BASTI,0.348877011,0.3597664028,0.1649076517
207090,162811,44279,139,UTTAR PRADESH,BAGHPAT,0.2858660486,0.31877453,0.1648637051
266035,170853,95182,46,PUNJAB,BHATINDA,0.1229161576,0.1006713373,0.1628459162
215602,137799,77803,561,KARNATAKA,GADAG,0.1716125082,0.1770694998,0.1619474827
330990,226245,104745,581,KARNATAKA,KOLAR,0.1565001964,0.1546995514,0.1603895174
888553,652254,236299,540,TELANGANA,WARANGAL,0.1681385353,0.171098989,0.1599668217
180912,170239,10673,347,JHARKHAND,CHATRA,0.9739541877,1.025029517,0.1592804272
529407,473512,55895,377,ODISHA,BALASORE,0.3575698848,0.3809829529,0.1592271223
170704,141801,28903,459,MADHYA PRADESH,ASHOKNAGAR,0.186873184,0.1925233249,0.1591530291
313521,237380,76141,558,KARNATAKA,BIDAR,0.1719183085,0.1760889713,0.1589156959
355377,238746,116631,556,KARNATAKA,BAGALKOT,0.1764323521,0.1851339918,0.1586199209
260316,214896,45420,350,JHARKHAND,DEOGHAR,0.3030931637,0.3336497655,0.1585204756
822591,274212,548379,157,UTTAR PRADESH,LUCKNOW,0.2216168181,0.3500940878,0.1573729118
596110,488062,108048,222,BIHAR,BEGUSARAI,0.332992233,0.3718789826,0.1573374796
298256,227645,70611,420,MADHYA PRADESH,BHIND,0.1958049461,0.2077796569,0.1571993032
414689,370734,43955,301,ASSAM,DHUBRI,0.8251967137,0.9044220384,0.1569787282
209558,171971,37587,168,UTTAR PRADESH,HAMIRPUR,0.4103875777,0.4657762065,0.1569691649
361470,297601,63869,151,UTTAR PRADESH,PILIBHIT,0.6584225524,0.7661264579,0.1565704802
447776,416017,31759,115,RAJASTHAN,BARMER,4.160115772,4.465923268,0.1542869738
489201,86390,402811,629,TAMILNADU,KANNIYAKUMARI,0.1800895746,0.3009607593,0.1541665943
480303,212566,267737,49,PUNJAB,AMRITSAR,0.1738485914,0.1999379016,0.153135353
746222,475575,270647,150,UTTAR PRADESH,BAREILLY,0.5198184991,0.7285917048,0.1529667796
482440,437289,45151,193,UTTAR PRADESH,BALLIA,0.6361412818,0.6860451555,0.1528205355
472564,426692,45872,190,UTTAR PRADESH,DEORIA,0.300700011,0.3166218256,0.1525985351
322737,273445,49292,170,UTTAR PRADESH,BANDA,0.5220969396,0.5887838505,0.1521545078
338205,283522,54683,398,ODISHA,KORAPUT,0.4583019175,0.5174201649,0.1517839182
473293,310762,162531,374,ODISHA,SUNDARGARH,0.5159594585,0.7069718949,0.1507404741
161688,137102,24586,61,UTTARAKHAND,GARHWAL (PAURI GARHWAL),1.390950473,1.613397325,0.15049215
617063,563679,53384,212,BIHAR,KATIHAR,0.2706368718,0.2820754366,0.1498576352
290474,245668,44806,201,UTTAR PRADESH,ETAH,0.455462451,0.5112590976,0.1495335446
628808,476873,151935,134,UTTAR PRADESH,BIJNOR,0.2996145087,0.3474719684,0.149405996
406629,349736,56893,375,ODISHA,KEONJHAR,0.4972591724,0.5538463298,0.1494032658
290388,42247,248141,322,ASSAM,KAMRUP METROPOLITAN,0.1828587958,0.3858262125,0.1483027795
386899,346401,40498,306,ASSAM,SONITPUR,0.4135446202,0.4445714649,0.1481554645
208071,112525,95546,70,HARYANA,AMBALA,0.113422822,0.08442568318,0.1475728968
402139,257060,145079,568,KARNATAKA,SHIMOGA,0.1872486876,0.2104567027,0.1461272824
42344,30016,12328,262,NAGALAND,MOKOKCHUNG,0.2763083318,0.3298240938,0.146009085
282311,220309,62002,582,KARNATAKA,CHIKABALLAPURA,0.1377913011,0.1357184682,0.1451566079
469702,215676,254026,357,JHARKHAND,Purbi Singhbhum,0.1552047894,0.1673807007,0.1448670609
637738,0,637738,519,MAHARASHTRA,MUMBAI,0.1445734769,0,0.1445734769
329473,299000,30473,163,UTTAR PRADESH,KANPUR DEHAT,0.6738033162,0.7277591973,0.1443901158
756894,602216,154678,388,ODISHA,GANJAM,0.2202422004,0.2397810752,0.1441704703
329516,302242,27274,116,RAJASTHAN,JALOR,1.324366647,1.430972532,0.142993327
407572,378135,29437,382,ODISHA,JAJPUR,0.2541882171,0.2628690811,0.1426775826
168278,136570,31708,412,CHHATTISGARH,Dhamtari,0.8325508979,0.9928974152,0.1419200202
311184,262409,48775,148,UTTAR PRADESH,MAINPURI,0.4907064631,0.5556211868,0.1414659149
328995,232147,96808,626,TAMILNADU,RAMANATHAPURAM,0.1696074408,0.1817813713,0.1404842575
325456,254181,71275,564,KARNATAKA,HAVERI,0.1204463891,0.1148787675,0.1403016485
421727,396391,25336,217,BIHAR,GOPALGANJ,0.5083857567,0.532050425,0.1381433533
373391,339364,34027,370,ODISHA,BARGARH,0.2335353557,0.243396471,0.1351867635
227041,195143,31898,512,MAHARASHTRA,HINGOLI,0.1493122388,0.1516836371,0.1348046899
201047,175080,25967,50,PUNJAB,TARN TARAN,0.2133829403,0.2250399817,0.1347864597
287219,216920,70299,165,UTTAR PRADESH,JALAUN,0.3955170097,0.4803614236,0.1337145621
246983,220760,26223,311,ASSAM,SIVASAGAR,0.4004324184,0.4321435043,0.1334706174
172004,155335,16669,390,ODISHA,KANDHAMAL,0.4447570987,0.4783210481,0.1319815226
267840,214114,53726,120,RAJASTHAN,TONK,0.3983721625,0.4656397994,0.1302907345
10914,6305,4609,288,MIZORAM,SAIHAG,2.253985706,3.806502776,0.1301800824
75942,70511,5431,373,ODISHA,DEOGARH,0.3252482157,0.3403724242,0.1288897072
375970,242492,133478,101,RAJASTHAN,BIKANER,1.784716866,2.69617142,0.1288601867
217878,186503,31375,167,UTTAR PRADESH,Lalitpur,0.9441063347,1.081483944,0.1274900398
545073,446114,98959,523,MAHARASHTRA,BID,0.1757562748,0.1864994149,0.127325458
245745,218935,26810,508,MAHARASHTRA,GADCHIROLI,1.442552239,1.603672323,0.1268183514
253987,206526,47461,123,RAJASTHAN,RAJSAMAND,0.5189241969,0.6091242749,0.1264195866
253987,206526,47461,108,RAJASTHAN,SAWAI MADHOPUR,0.5189241969,0.6091242749,0.1264195866
327405,311465,15940,379,ODISHA,KENDRAPARA,0.427299522,0.442746376,0.1254705144
246313,174548,71765,569,KARNATAKA,UDUPI,0.378786341,0.4829617068,0.1254093221
582676,438742,143934,142,UTTAR PRADESH,BULANDSHAHR,0.2409572387,0.2794352945,0.1236677922
587648,544764,42884,376,ODISHA,MAYURBHANJ,0.2685280985,0.2801213002,0.1212573454
393441,291440,102001,136,UTTAR PRADESH,RAMPUR,0.6211858957,0.7963903376,0.1205870531
301115,250346,50769,428,MADHYA PRADESH,DAMOH,0.1441309799,0.1489937926,0.1201520613
258040,239614,18426,186,UTTAR PRADESH,SANT KABIR NAGAR,0.3038288637,0.3180114684,0.1193965049
225964,191615,34349,396,ODISHA,RAYAGADA,0.392982953,0.4420322,0.1193630091
11580,9896,1684,268,NAGALAND,LONGLENG,0.3367875648,0.3738884398,0.1187648456
348760,294816,53944,525,MAHARASHTRA,OSMANABAD,0.1404977635,0.1444969065,0.1186415542
230968,213265,17703,385,ODISHA,NAYAGARH,0.4143431125,0.4388905821,0.118623962
405076,307984,97092,557,KARNATAKA,BIJAPUR,0.2471141218,0.2876772819,0.118444362
167448,2690,164758,10,JAMMU & KASHMIR,SRINAGAR,0.1164540634,-,0.1183554061
143728,53262,90466,586,GOA,SOUTH GOA,0.1913336302,0.3154218768,0.1182764796
202184,161598,40586,106,RAJASTHAN,DHAULPUR,0.4772880149,0.567457518,0.1182673828
1145904,502634,643270,110,RAJASTHAN,JAIPUR,0.1760182354,0.250281517,0.1179908903
38987,32185,6802,267,NAGLAND,TUENSANG,0.3257496088,0.3697374553,0.1176124669
177197,97889,79308,361,JHARKHAND,RAMGARH,0.1884907758,0.246,0.1172643365
980739,746956,233783,534,TELANGANA,KARIMNAGAR,0.1928137863,0.2164786145,0.1172027051
319912,226803,93109,563,KARNATAKA,UTTARA KANNADA,0.3910450374,0.5035206765,0.1170670934
259396,213217,46179,560,KARNATAKA,KOPPAL,0.149578251,0.1566479221,0.1169362697
465245,311531,153714,579,KARNATAKA,GULBARGA,0.1719524122,0.1996591029,0.1157994717
474149,359858,114291,524,MAHARASHTRA,LATUR,0.118528142,0.1197694646,0.1146196988
615334,153259,462075,439,MADHYA PRADESH,INDORE,0.1334234741,0.1905271469,0.1144835795
1180293,661977,518316,516,MAHARASHTRA,NASHIK,0.2906058072,0.4285647387,0.1144089706
614353,561905,52448,158,UTTAR PRADESH,RAE BARELI,0.2378111607,0.2493304028,0.1143990238
369482,317002,52480,387,ODISHA,PURI,0.2335702416,0.2533107047,0.1143292683
518201,418787,99414,152,UTTAR PRADESH,SHAHJAHANPUR,0.3465836616,0.4018749388,0.1136660832
14610,11078,3532,247,ARUNACHAL PRADESH,East Kameng,5.154004107,6.761148222,0.1132502831
610904,501193,109711,149,UTTAR PRADESH,BADAUN,0.2478294462,0.2773382709,0.1130242182
963825,708067,255756,555,KARNATAKA,BELGAUM,0.1921510648,0.2207418225,0.1129983265
63620,56508,7112,296,MEGHALAYA,WEST KHASI HILLS,1.409933983,1.573228569,0.1124859393
268383,209603,58780,309,ASSAM,TINSUKIA,0.1933803557,0.2161228608,0.1122830895
2377056,207628,2169428,572,KARNATAKA,BANGALORE,0.1113141634,0.1088485175,0.1115501413
145990,119791,26199,8,JAMMU & KASHMIR,BARAMULA,0.2260428796,0.2512709636,0.1106912478
33476,13537,19939,248,ARUNACHAL PRADESH,Papum Pare,0.4480822081,0.9455566226,0.1103365264
901748,717718,184030,522,MAHARASHTRA,AHMADNAGAR,0.1935130436,0.2148476142,0.1103081019
391135,247752,143383,501,MAHARASHTRA,AKOLA,0.1262991039,0.1356194905,0.1101943745
336407,316419,19988,24,HIMACHAL PRADESH,KANGRA,0.06569423347,0.06289129287,0.1100660396
535561,500060,35501,183,UTTAR PRADESH,GONDA,0.3200382403,0.3349598048,0.1098560604
487750,91084,396666,444,MADHYA PRADESH,BHOPAL,0.119528447,0.163585262,0.1094119486
217994,165883,52111,369,JHARKHAND,SARAIKELA-KHARSAWAN,1.855555657,2.404104097,0.1093818963
241433,183767,57666,458,MADHYA PRADESH,GUNA,0.2133096967,0.2459636387,0.1092498179
41347,35804,5543,261,NAGALAND,MON,0.3192492805,0.351915987,0.1082446329
370885,299608,71277,425,MADHYA PRADESH,CHHATARPUR,0.2210927916,0.2479907079,0.108029238
566831,425082,141749,381,ODISHA,CUTTACK,0.1896508836,0.2168993277,0.1079372694
248829,178958,69871,372,ODISHA,SAMBALPUR,0.177230146,0.204517261,0.1073406707
128818,112872,15946,389,ODISHA,GAJAPATI,0.3765001785,0.4146289602,0.1066098081
128634,102297,26337,39,PUNJAB,SHAHID BHAGAT SINGH NAGAR (NAWAN SHAHR),0.1422640981,0.1515195949,0.1063143107
244198,203748,40450,578,KARNATAKA,CHAMARAJANAGAR,0.2538923333,0.2831929639,0.1063040791
157020,137261,19759,87,HARYANA,MEWAT,0.4801936059,0.5340191314,0.1062806822
249187,220889,28298,454,MADHYA PRADESH,MANDLA,0.5975432105,0.6605127462,0.1060145593
319623,270533,49090,497,MAHARASHTRA,NANDURBAR,5.784940383,6.815434716,0.1059278876
272173,215334,56839,570,KARNATAKA,CHIKMAGALUR,0.3975412697,0.4746115337,0.1055613223
30246,25476,4770,243,SIKKIM,SOUTH SIKKIM,0.1024928916,0.1020568378,0.1048218029
1075780,870607,205173,546,ANDHRA PRADESH,WEST GODAVARI,0.09537265984,0.09326825996,0.104302223
272941,218256,54685,310,ASSAM,DIBRUGARH,0.2000432328,0.2240488234,0.1042333364
875432,720569,154863,539,TELANGANA,NALGONDA,0.215779181,0.2398104831,0.1039628575
361664,309691,51973,403,CHHATTISGARH,Raigarh,0.116682888,0.1188281222,0.103900102
656303,487624,168679,511,MAHARASHTRA,NANDED,0.1881752788,0.2173806047,0.1037473544
57357,49612,7745,294,MEGHALAYA,EAST GARO HILLS,0.9868019597,1.124727888,0.1032924467
404840,272929,131911,567,KARNATAKA,DAVANAGERE,0.1427724533,0.16194688,0.1030998173
150103,135540,14563,363,JHARKHAND,JAMTARA,0.2105221082,0.2220746643,0.1030007553
185523,169007,16516,304,ASSAM,MORIGAON,0.697487643,0.7555900051,0.1029304916
228163,133009,95154,71,HARYANA,YAMUNANAGAR,0.07012530515,0.04811704471,0.1008890851
247616,204994,42622,452,MADHYA PRADESH,NARSINGHPUR,0.3521581804,0.4044020801,0.1008868659
297419,231876,65543,443,MADHYA PRADESH,VIDISHA,0.1116270312,0.1147164864,0.1006972522
640385,513041,127344,510,MAHARASHTRA,YAVATMAL,0.1920719567,0.2149925639,0.09972986556
257892,217490,40402,502,MAHARASHTRA,WASHIM,0.1958184046,0.2138029335,0.09900499975
480453,342707,137746,597,KERALA,KOTTAYAM,0.1307099758,0.1435628686,0.09873244958
478753,390426,88327,429,MADHYA PRADESH,SATNA,0.1612522532,0.1754493809,0.09849762813
56794,47620,9174,9,JAMMU & KASHMIR,BANDIPORA,3.528541747,4.189416212,0.09810333551
424336,230295,194041,477,GUJARAT,JAMNAGAR,0.1776893782,0.2453375019,0.09740209543
274210,214616,59594,446,MADHYA PRADESH,RAISEN,0.6312680063,0.779531815,0.09732523408
553031,445247,107784,500,MAHARASHTRA,BULDHANA,0.1911285262,0.2140385,0.09648927485
938822,325798,613024,602,TAMILNADU,THIRUVALLUR,0.08255025979,0.05647671256,0.09640731847
373877,269763,104114,99,RAJASTHAN,GANGANAGAR,0.8085546851,1.083543703,0.09604856215
155352,137639,17713,323,ASSAM,NALIBARI,0.3430918173,0.3748937438,0.09597470784
596605,475145,121460,543,ANDHRA PRADESH,VIZIANAGARAM,0.1270522372,0.1351166486,0.0955046929
427164,297069,130095,482,GUJARAT,ANAND,0.06788961617,0.05587927384,0.09531496214
356362,303041,53321,423,MADHYA PRADESH,SHIVPURI,0.1939039516,0.2115225333,0.0937716847
637446,424563,212883,503,MAHARASHTRA,AMRAVATI,0.3931313398,0.5433822542,0.09347857743
372054,157960,214094,562,KARNATAKA,DHARWAD,0.1112741699,0.1361104077,0.09294982578
289431,241802,47629,507,MAHARASHTRA,GONDIYA,0.09570502123,0.0963598316,0.09238069244
248370,207674,40696,162,UTTAR PRADESH,AURAIYA,0.4372508757,0.5051185993,0.09091802634
425907,318040,107867,471,GUJARAT,MEHESANA,0.05987222563,0.04936485977,0.09085262406
2027743,0,2027743,518,MAHARASHTRA,MUMBAI SUBURBAN,0.09069196639,0,0.09069196639
683825,232228,451597,591,KERALA,KOZHIKODE,0.1045589149,0.1317670565,0.09056747498
134624,83664,50960,371,ODISHA,JHARSUGUDA,0.1827311623,0.2390514439,0.09026687598
423607,338086,85521,105,RAJASTHAN,BHARATPUR,0.2679370265,0.3129381282,0.09003636534
238474,220630,17844,462,MADHYA PRADESH,SIDHI,0.2784370623,0.293704392,0.08966599417
185403,178686,6717,590,KERALA,WAYANAD,0.293954251,0.3016464636,0.08932559178
515029,236023,279006,451,MADHYA PRADESH,JABALPUR,0.1021301713,0.1173614436,0.08924539257
993809,354476,639333,604,TAMILNADU,KANCHEEPURAM,0.08381892295,0.07447612814,0.08899900365
710036,630131,79905,153,UTTAR PRADESH,KHERI,0.6534879922,0.7250873231,0.08885551593
169128,126261,42867,85,HARYANA,REWARI,0.1951184901,0.2312669787,0.08864627802
252562,174226,78336,449,MADHYA PRADESH,HOSHANGABAD,0.2830988035,0.3707827764,0.08808210784
313274,277982,35292,456,MADHYA PRADESH,SEONI,0.07597183296,0.07446525315,0.08783860365
52356,44386,7970,65,UTTARAKHAND,CHAMPAWAT,4.379631752,5.150272608,0.0878293601
663276,373677,289599,600,KERALA,KOLLAM,0.134182452,0.1702004672,0.08770748518
302680,210284,92396,504,MAHARASHTRA,WARDHA,0.1162944364,0.1288733332,0.08766613273
259794,200171,59623,584,KARNATAKA,RAMANAGARA,0.1720594009,0.1973312818,0.08721466548
393379,333645,59734,528,MAHARASHTRA,RATNAGIRI,0.1685397543,0.1831287746,0.08705259986
144429,121448,22981,431,MADHYA PRADESH,UMARIA,0.1350144362,0.1440945919,0.08702841478
304742,220809,83933,437,MADHYA PRADESH,DEWAS,0.1174764227,0.1290708259,0.08697413413
383664,301647,82017,103,RAJASTHAN,JHUNJHUNUN,0.1099920764,0.1163611771,0.08656741895
362309,286015,76294,419,MADHYA PRADESH,MORENA,0.2136298022,0.2475394647,0.08650745799
2430616,526397,1904219,517,MAHARASHTRA,THANE,0.1435850007,0.3501159771,0.08649215243
341848,289795,52053,442,MADHYA PRADESH,RAJGARH,0.2097423416,0.2318880588,0.08645034868
558626,531928,26698,189,UTTAR PRADESH,KUSHINAGAR,0.3462065854,0.3592591479,0.08614877519
478497,404203,74294,472,GUJARAT,SABARKANTHA,0.05496377198,0.04923268754,0.08614423776
138303,118509,19794,576,KARNATAKA,KODAGU,0.8069239279,0.9273557283,0.0858846115
233118,181811,51307,312,ASSAM,JORHAT,0.6734786675,0.8393331537,0.0857582786
112276,74819,37457,54,PUNJAB,BARNALA,0.0757062952,0.07083762146,0.08543129455
636394,495885,140509,571,KARNATAKA,TUMKUR,0.1115661053,0.1189791988,0.08540378196
269658,180286,89372,76,HARYANA,SONIPAT,0.07898894155,0.07599037086,0.08503781945
275333,214002,61331,161,UTTAR PRADESH,ETAWAH,0.3592014034,0.4378463753,0.08478583424
284551,194003,90548,74,HARYANA,KARNAL,0.1110521488,0.1242248831,0.08282899678
395060,3720,391340,92,NCT OF DELHI,NORTH EAST DELHI,0.08302536324,0.1612903226,0.08228139214
596514,376520,219994,520,MAHARASHTRA,RAIGARH,0.2596753806,0.3635929034,0.08182041328
320833,252219,68614,192,UTTAR PRADESH,MAU,0.3939744353,0.47894885,0.08161599674
481704,291383,190321,565,KARNATAKA,BELLARY,0.1249730125,0.1534063415,0.08144135434
191228,145530,45698,42,PUNJAB,MOGA,0.1333486728,0.1497972927,0.08096634426
366578,309603,56975,440,MADHYA PRADESH,KHARGONE (WEST NIMAR),0.09847835931,0.1017432002,0.08073716542
275773,223299,52474,506,MAHARASHTRA,BHANDARA,0.1142243802,0.1222576008,0.08003963868
121780,107941,13839,293,MEGHALAYA,WEST GARO HILLS,0.8433240269,0.9412549448,0.07948551196
235061,6785,228276,55,CHANDIGARH,CHANDIGARH,0.07742671051,0.01473839352,0.0792899823
81241,71063,10178,12,JAMMU & KASHMIR,PULWAMA,0.6092982607,0.6853074033,0.07860090391
736587,419120,317467,515,MAHARASHTRA,AURANGABAD,0.1357612882,0.179184959,0.07843334898
319968,285389,34579,599,KERALA,PATHANAMTHITTA,0.1562656266,0.1657386935,0.07808207293
15541,12952,2589,249,ARUNACHAL PRADESH,Upper Subansiri,4.478476289,5.358245831,0.07724990344
438389,330846,107543,455,MADHYA PRADESH,CHHINDWARA,0.1532885177,0.1780284483,0.07717843095
131747,121337,10410,465,MADHYA PRADESH,ALIRAJPUR,2.06456314,2.235097291,0.07684918348
43249,36626,6623,11,JAMMU & KASHMIR,GANDERBAL,0.3098337534,0.3522088134,0.0754944889
743830,246928,496902,594,KERALA,THRISSUR,0.09356976729,0.1299974082,0.07546759723
509355,376804,132551,427,MADHYA PRADESH,SAGAR,0.1268270656,0.1449029204,0.07544265981
595178,549894,45284,180,UTTAR PRADESH,BAHRAICH,0.4744799035,0.5073705114,0.07508170656
325046,221028,104018,80,HARYANA,HISAR,0.2347360066,0.3099154858,0.07498702148
302016,155851,146165,21,JAMMU & KASHMIR,JAMMU,0.1178745497,0.1584847065,0.07457325625
329872,294997,34875,485,GUJARAT,DAHOD,0.1749163312,0.1867815605,0.07455197133
306807,265210,41597,414,CHHATTISGARH,Bastar,0.8937214601,1.022208816,0.07452460514
828774,390607,438167,601,KERALA,THIRUVANANTHAPURAM,0.1522731167,0.239627042,0.07440085629
431212,309898,121314,35,PUNJAB,GURDASPUR,0.1477231617,0.1765096903,0.07418764528
804343,683022,121321,607,TAMILNADU,VILUPPURAM,0.07098961513,0.070422329,0.07418336479
689323,580048,109275,542,ANDHRA PRADESH,SRIKAKULAM,0.1350600517,0.1465395967,0.07412491421
220388,114922,105466,75,HARYANA,PANIPAT,0.1270486596,0.1757713928,0.07395748393
493597,394235,99362,122,RAJASTHAN,BHILWARA,0.09278824628,0.09765748855,0.0734687305
523703,1151,522552,96,NCT OF DELHI,WEST DELHI,0.07275115858,0.08688097307,0.07272003552
147127,115334,31793,47,PUNJAB,MANSA,0.1060308441,0.1153172525,0.07234296858
528275,245849,282426,598,KERALA,ALAPPUZHA,0.1046803275,0.1423638087,0.0718772351
282208,237475,44733,129,RAJASTHAN,JHALAWAR,0.07370450164,0.07411306453,0.07153555541
110981,88422,22559,448,MADHYA PRADESH,HARDA,0.1405646011,0.1583316369,0.07092512966
267762,165969,101793,588,KERALA,KASARAGOD,0.2965319948,0.4350209979,0.0707317792
224745,162398,62347,583,KARNATAKA,BANGALORE RURAL,0.08454025674,0.08990258501,0.07057276212
97090,84317,12773,32,HIMACHAL PRADESH,SIRMAUR,0.08651766402,0.0889500338,0.07046112894
139257,126476,12781,64,UTTARAKHAND,ALMORA,2.545653001,2.795787343,0.07041702527
18691,15850,2841,271,NAGALAND,PEREN,1.610400728,1.886435331,0.07039774727
248783,204690,44093,460,MADHYA PRADESH,SHAHDOL,0.155155296,0.1734329962,0.07030594425
320642,88013,232629,86,HARYANA,GURGAON,0.1178884862,0.2442820947,0.07006865008
203272,181790,21482,307,ASSAM,LAKHIMPUR,1.040969735,1.155729138,0.06982590075
168525,145235,23290,84,HARYANA,MAHENDRAGARH,0.1228304406,0.1315109994,0.06869901245
316278,109179,207099,141,UTTAR PRADESH,GAUTAM BUDDHA NAGAR,0.1486034438,0.3004240742,0.06856624127
99219,86083,13136,2,JAMMU & KASHMIR,BADGAM,1.414043681,1.619367355,0.06851400731
945943,237155,708788,632,TAMILNADU,COIMBOTORE,0.06617734895,0.05945478695,0.06842666637
305342,274590,30752,321,ASSAM,KAMRUP (RURAL),0.462432289,0.5065734368,0.06828824142
384278,237288,146990,435,MADHYA PRADESH,UJJAIN,0.1009685696,0.1213714979,0.0680318389
175666,129968,45698,432,MADHYA PRADESH,NEEMUCH,0.08652784261,0.09309983996,0.06783666681
26953,22516,4437,415,CHHATTISGARH,Narayanpur,0.7420324268,0.8749333807,0.0676132522
426578,354049,72529,573,KARNATAKA,MANDYA,0.0956448762,0.101398394,0.06755918322
111542,95130,16412,62,UTTARAKHAND,PITHORAGARH,2.493231249,2.911804899,0.06702412869
369505,144130,225375,421,MADHYA PRADESH,GWALIOR,0.4008064844,0.9227780476,0.06699944537
277071,180798,96273,404,CHHATTISGARH,Korba,2.801087086,4.257237359,0.06647762093
172792,122957,49835,44,PUNJAB,MUKTSAR,0.1140099079,0.1333799621,0.06621852112
34487,32968,1519,272,MANIPUR,SENAPATI,1.974657117,2.062606164,0.06583278473
240321,191575,48746,128,RAJASTHAN,BARAN,0.3636802443,0.4395145504,0.06564641201
615895,475742,140153,406,CHHATTISGARH,Bilaspur,0.7226881205,0.916252927,0.06564254779
202260,161080,41180,117,RAJASTHAN,SIROHI,0.1858993375,0.2166625279,0.06556580864
198922,84366,114556,611,TAMILNADU,THE NILGIRIES,0.09702295372,0.139866771,0.06547016306
202933,115506,87427,82,HARYANA,ROHTAK,0.08426426456,0.09869617163,0.06519725028
520566,472991,47575,401,CHHATTISGARH,Surguja,0.5912794919,0.644198304,0.06516027325
529612,352643,176969,509,MAHARASHTRA,CHANDRAPUR,0.1080035951,0.1295928177,0.06498313264
284411,229006,55405,433,MADHYA PRADESH,MANDSAUR,0.09739426393,0.1052374174,0.06497608519
276976,264649,12327,596,KERALA,IDUKKI,1.505545607,1.572649056,0.06489819096
335711,304695,31016,210,BIHAR,KISHANGANJ,0.2105978059,0.225471373,0.06448284756
190527,175008,15519,402,CHHATTISGARH,Jashpur,3.750124654,4.076956482,0.06443714157
287200,160460,126740,473,GUJARAT,GANDHINAGAR,0.05640668524,0.05047987037,0.06391036768
688422,401655,286767,577,KARNATAKA,MYSORE,0.11126896,0.1453984141,0.06346615894
278370,253118,25252,383,ODISHA,DHENKANAL,0.1616553508,0.1714615318,0.06336131792
290829,256059,34770,109,RAJASTHAN,DAUSA,0.1602316138,0.1733975373,0.06327293644
626578,413367,213211,113,RAJASTHAN,JODHPUR,0.7992620232,1.179097509,0.06284853971
927318,537022,390296,605,TAMILNADU,VELLORE,0.06815353525,0.07206408676,0.06277286982
17296,7664,9632,282,MIZORAM,KOLASIB,0.1445420907,0.2479123173,0.0622923588
289026,234239,54787,450,MADHYA PRADESH,KATNI,0.1231723098,0.1374664339,0.06205851753
29097,25860,3237,280,MANIPUR,CHANDEL,1.237240953,1.384377417,0.06178560395
774595,437511,337084,592,KERALA,MALAPPURAM,0.092306302,0.1158828007,0.0617056876
425291,220806,204485,575,KARNATAKA,DAKSHINA KANNADA,0.4030181687,0.7191833555,0.0616182116
374167,271536,102631,43,PUNJAB,FIROZPUR,0.1670377131,0.2069707147,0.06138496166
265657,216711,48946,466,MADHYA PRADESH,KHANDWA(EAST NIMAR),0.09071848286,0.09736469307,0.06129203612
483931,294870,189061,119,RAJASTHAN,AJMER,0.1640729773,0.2302709669,0.06082692887
858981,583706,275275,526,MAHARASHTRA,SOLAPUR,0.1186289336,0.146306531,0.05994005994
628287,476318,151969,593,KERALA,PALAKKAD,0.1340151873,0.1578777203,0.05922260461
220071,177525,42546,121,RAJASTHAN,BUNDI,0.1699451541,0.1965920293,0.05875993043
114060,90207,23853,348,JHARKHAND,KODARMA,0.2980887252,0.3613910229,0.0586928269
462134,358132,104002,483,GUJARAT,KHEDA,0.08763691916,0.09605396893,0.05865271822
64842,59681,5161,299,MEGHALAYA,JAINTIA HILLS,0.7217544184,0.7791424406,0.05812826972
224853,202469,22384,313,ASSAM,GOLAGHAT,0.6817787621,0.7507322109,0.058077198
861067,561916,299151,410,CHHATTISGARH,Raipur,0.6947194585,1.033962372,0.05749604715
450062,344807,105255,631,TAMILNADU,KRISHNGIRI,0.07932240447,0.08613514227,0.05700441784
168819,126225,42594,461,MADHYA PRADESH,ANUPPUR,0.1498646479,0.1814220638,0.05634596422
243061,205589,37472,441,MADHYA PRADESH,BARWANI,0.3785058072,0.4372802047,0.05604184458
628913,505266,123647,104,RAJASTHAN,ALWAR,0.2127480272,0.2511548373,0.05580402274
66558,61149,5409,56,UTTARAKHAND,UTTARKASHI,2.540641245,2.760470327,0.05546311703
178046,163574,14472,131,RAJASTHAN,PRATAPGARH,0.7683407659,0,0.05527915976
593264,477106,116158,606,TAMILNADU,TIRUVANNAMALAI,0.07736859139,0.08279082636,0.05509736738
326449,268363,58086,126,RAJASTHAN,CHITTAURGARH,0.08730307031,0.0942752913,0.05509072754
464324,239037,225287,627,TAMILNADU,THOOTHUKKUDI,0.04415020546,0.03388596744,0.05504090338
144748,124647,20101,418,MADHYA PRADESH,SHEOPUR,1.135076132,1.309297456,0.05472364559
340965,158207,182758,624,TAMILNADU,THENI,0.2058862347,0.3805141365,0.05471716696
93562,77104,16458,19,JAMMU & KASHMIR,UDHAMPUR,0.1763536478,0.2023241336,0.05468465184
200221,154438,45783,73,HARYANA,KAITHAL,0.05394039586,0.05374324972,0.05460542123
341960,236937,105023,622,TAMILNADU,SIVAGANGA,0.09006901392,0.105935333,0.05427382573
85765,72744,13021,57,UTTARAKHAND,CHAMOLI,4.832973824,5.688441658,0.05375931188
293116,211063,82053,434,MADHYA PRADESH,RATLAM,0.1146303852,0.1383473181,0.05362387725
80453,74661,5792,30,HIMACHAL PRADESH,BILASPUR,0.04101773706,0.04018162093,0.05179558011
16405,12542,3863,246,ARUNACHAL PRADESH,West Kameng,0.50594331,0.6458300112,0.05177323324
821483,556628,264855,530,MAHARASHTRA,KOLHAPUR,0.1390168756,0.1805514635,0.05172641634
159536,126467,33069,422,MADHYA PRADESH,DATIA,0.117841741,0.1352131386,0.05140766277
543209,198846,344363,589,KERALA,KANNUR,0.09904106891,0.182050431,0.05110885897
542464,303727,238737,481,GUJARAT,BHAVNAGAR,0.07705580462,0.09745593905,0.05110225897
57712,55748,1964,63,UTTARAKHAND,BAGESHWAR,1.781258664,1.842218555,0.05091649695
180071,168278,11793,300,ASSAM,KOKRAJHAR,0.4998028555,0.5312637421,0.05087763928
347351,254921,92430,102,RAJASTHAN,CHURU,0.1134299311,0.1361206021,0.05084929136
891657,618314,273343,499,MAHARASHTRA,JALGAON,0.1263938936,0.1599510928,0.0504860194
109699,99791,9908,29,HIMACHAL PRADESH,UNA,0.0838658511,0.08718221082,0.0504642713
28428,24444,3984,253,ARUNACHAL,Changlang,0.7879555368,0.9081983309,0.05020080321
325344,199642,125702,68,UTTARAKHAND,HARIDWAR,0.1346267335,0.1878362268,0.05011853431
526674,346939,179735,479,GUJARAT,JUNAGADH,0.1196185876,0.1556469581,0.05007371964
730034,41486,688548,90,NCT OF DELHI,NORTH WEST DELHI,0.05383310914,0.1181121342,0.04996020611
78620,72580,6040,16,JAMMU & KASHMIR,DODA,0.8318494022,0.8969413061,0.04966887417
19485,15458,4027,254,ARUNACHAL PRADESH,Tirap,0.3079291763,0.3752102471,0.04966476285
10703,2523,8180,587,LAKSHADWEEP,LAKSHADWEEP,0.03737269924,0,0.0488997555
462772,26493,436279,97,NCT OF DELHI,SOUTH WEST DELHI,0.04753960914,0.03019665572,0.0485927583
693001,422563,270438,409,CHHATTISGARH,Durg,0.05757567449,0.06342249558,0.04843993817
563172,352757,210415,612,TAMILNADU,DINDIGUL,0.1031656403,0.1360710064,0.0480003802
639999,518187,121812,527,MAHARASHTRA,SATARA,0.1090626704,0.1235075369,0.04761435655
308812,245761,63051,81,HARYANA,BHIWANI,0.1123660998,0.1289871054,0.04758053005
429292,339911,89381,574,KARNATAKA,HASSAN,0.08712018859,0.09767262607,0.04698985243
585227,432579,152648,531,MAHARASHTRA,SANGLI,0.09380975246,0.110731219,0.04585713537
91302,80295,11007,356,JHARKHAND,LOHARDAGA,0.261768636,0.291425369,0.04542563823
180578,167362,13216,353,JHARKHAND,PAKUR,0.3051313006,0.325641424,0.04539951574
995808,324568,671240,505,MAHARASHTRA,NAGPUR,0.08766750217,0.1753099505,0.0452893153
329694,258523,71171,38,PUNJAB,HOSHIARPUR,0.05793250711,0.06150323182,0.04496213345
251586,206935,44651,445,MADHYA PRADESH,SEHORE,0.07909820101,0.08650059197,0.04479182997
361928,215288,146640,491,GUJARAT,VALSAD,0.09117835592,0.1230909294,0.04432624113
10883,8626,2257,258,ARUNACHAL PRADESH,Lower Dibang Valley,11.23771019,14.16647345,0.04430660168
440804,420420,20384,208,BIHAR,SUPAUL,0.4233173928,0.441701156,0.0441522763
791737,256310,535427,595,KERALA,ERNAKULAM,0.08525558361,0.1712769693,0.04407697034
445713,347063,98650,111,RAJASTHAN,SIKAR,0.119134959,0.1406084774,0.04358844399
2076607,744114,1332493,521,MAHARASHTRA,PUNE,0.08942472023,0.1716134893,0.04352743316
48448,43842,4606,489,GUJARAT,THE DANGS,0.1775099075,0.1915970987,0.04342162397
782631,313713,468918,476,GUJARAT,RAJKOT,0.05162075103,0.06439006353,0.04307789422
617921,496777,121144,130,RAJASTHAN,UDAIPUR,1.243686491,1.536504307,0.04292412336
327971,262679,65292,619,TAMILNADU,THIRUVARUR,0.04085727092,0.04035343518,0.04288427372
380924,315563,65361,630,TAMILNADU,DHARAMPURI,0.068255085,0.07351939232,0.04283900185
918899,454964,463935,608,TAMILNADU,SALEM,0.1038198975,0.1661669934,0.04267839245
390628,312868,77760,621,TAMILNADU,PUDUKKOTTAI,0.1226230583,0.1425521306,0.0424382716
175890,3184,172706,91,NCT OF DELHI,NORTH DELHI,0.04207174939,0.03140703518,0.04226836358
180770,130864,49906,33,HIMACHAL PRADESH,SHIMLA,0.08242518117,0.09781146839,0.04207910872
256504,230027,26477,411,CHHATTISGARH,Mahasamund,0.073293204,0.07694748877,0.04154549231
820327,422597,397730,628,TAMILNADU,TIRUNELVEL,0.04559157507,0.0494561012,0.04148542981
158184,141247,16937,413,CHHATTISGARH,KANKER (UTTAR BASTAR KANKER),1.713194761,1.913668963,0.04132963335
797939,319126,478813,623,TAMILNADU,MADURAI,0.04699607363,0.05577734186,0.04114341089
101972,94574,7398,23,HIMACHAL PRADESH,CHAMBA,0.1078727494,0.1131389177,0.04055150041
190667,188191,2476,324,ASSAM,BAKSA,0.5333906759,0.5398770398,0.04038772213
298266,243638,54628,436,MADHYA PRADESH,SHAJAPUR,0.1542247524,0.179774912,0.04027238779
180503,173025,7478,187,UTTAR PRADESH,MAHARAJGANJ,0.3606588256,0.3745123537,0.04011767852
377496,330103,47393,405,CHHATTISGARH,Janjgir - Champa,0.1271536652,0.1396533809,0.0400903087
540132,266882,273250,625,TAMILNADU,VIRUDHUNAGAR,0.04887694119,0.05807810193,0.03989021043
25660,15604,10056,284,MIZORAM,CHAMPHAI,0.3897116134,0.6152268649,0.03977724741
160832,84694,76138,298,MEGHALAYA,EAST KHASI HILLS,0.1946130123,0.3341440952,0.03940213822
428992,341833,87159,118,RAJASTHAN,PALI,0.2277431747,0.2758657005,0.03900916715
81912,17157,64755,283,MIZORAM,AIZAWL,0.3747924602,1.643643994,0.03860705737
176758,158483,18275,407,CHHATTISGARH,Kawardha (Kabeerdham),1.468674685,1.6336137,0.03830369357
394310,341221,53089,457,MADHYA PRADESH,BALAGHAT,0.163069666,0.1825796185,0.03767258754
114587,0,114587,95,NCT OF DELHI,CENTRAL DELHI,0.03752607189,7,0.03752607189
294071,218891,75180,480,GUJARAT,AMRELI,0.1183387685,0.1461914834,0.03724394786
637422,425191,212231,617,TAMILNADU,CUDDALORE,0.0473783459,0.05244701793,0.03722359128
244582,187059,57523,77,HARYANA,JIND,0.08381647055,0.09836468708,0.03650713628
133494,116988,16506,59,UTTARAKHAND,TEHRI GARHWAL,2.243546526,2.554962902,0.03635041803
18212,15442,2770,4,JAMMU & KASHMIR,KARGIL,9.943992972,11.72127963,0.03610108303
175717,159096,16621,493,GUJARAT,TAPI,0.09162460092,0.09742545381,0.03609891102
315535,256900,58635,408,CHHATTISGARH,Rajnandgaon,0.3505157906,0.4223433243,0.03581478639
118193,76262,41931,45,PUNJAB,FARIDKOT,0.1142199623,0.1573522855,0.03577305573
314030,215367,98663,53,PUNJAB,SANGRUR,0.07228608732,0.08915014835,0.03547429127
561128,479308,81820,469,GUJARAT,BANAS KANTHA,0.1753610584,0.199245579,0.03544365681
52136,26421,25715,270,NAGALAND,KOHIMA,0.07864047875,0.1211157791,0.0349990278
187108,112670,74438,66,UTTARAKHAND,NAINITAL,0.9764414135,1.598473418,0.03492839679
716104,278323,437781,41,PUNJAB,LUDHIANA,0.06884474881,0.1225195187,0.03472055663
412656,323340,89316,618,TAMILNADU,NAGAPATTINAM,0.03804621767,0.0389682687,0.03470822697
76732,36034,40698,265,NAGALAND,DIMAPUR,0.08080070896,0.1332075262,0.0343997248
361740,209720,152020,48,PUNJAB,PATIALA,0.06828108586,0.09298111768,0.03420602552
408700,298915,109785,498,MAHARASHTRA,DHULE,0.2366038659,0.3111252363,0.03370223619
144154,96440,47714,467,MADHYA PRADESH,BURHANPUR,0.07006395938,0.0881377022,0.03353313493
327074,260878,66196,447,MADHYA PRADESH,BETUL,1.71276225,2.138930841,0.03323463653
198106,176818,21288,616,TAMILNADU,ARIYALUR,0.04593500449,0.04750647559,0.03288237505
379825,149275,230550,127,RAJASTHAN,KOTA,0.06450338972,0.1138837716,0.03253090436
19095,12904,6191,251,ARUNACHAL PRADESH,East Siang,1.691542289,2.487600744,0.03230495881
342337,241831,100506,475,GUJARAT,SURENDRANAGAR,0.1136307206,0.1476237538,0.03183889519
1494656,228886,1265770,474,GUJARAT,AHMADABAD,0.04174873683,0.1009236039,0.03104829471
700852,358811,342041,614,TAMILNADU,TIRUCHIRAPPALLI,0.03895258913,0.04654260878,0.03099043682
16655,13400,3255,269,NAGALAND,KIPHIRE,0.624437106,0.7686567164,0.03072196621
322700,137051,185649,60,UTTARAKHAND,DEHRADUN,0.1081499845,0.2130593721,0.03070310101
122039,109005,13034,487,GUJARAT,NARMADA,3.207990888,3.587908812,0.03068896732
444761,285991,158770,468,GUJARAT,KACHCHH,0.08701302497,0.1185351987,0.03023241166
477757,284156,193601,609,TAMILNADU,NAMAKKAL,0.08205007985,0.117541069,0.02995852294
454073,213390,240683,37,PUNJAB,JALANDHAR,0.06452706944,0.1035662402,0.02991486727
132854,96022,36832,51,PUNJAB,ROOPNAGAR,0.07075436193,0.0864385245,0.02986533449
110236,42651,67585,69,HARYANA,PANCHKULA,0.6331869807,1.589646198,0.02959236517
29407,22412,6995,259,ARUNACHAL PRADESH,Lohit,0.1360220356,0.1695520257,0.02859185132
1299670,263433,1036237,492,GUJARAT,SURAT,0.03185423992,0.04479317322,0.02856489394
183400,134340,49060,83,HARYANA,JHAJJAR,0.09269356598,0.1161232693,0.02853648594
658734,324097,334637,610,TAMILNADU,ERODE,0.09047658084,0.15458335,0.02838897074
700706,283140,417566,633,TAMILNADU,TIRUPPUR,0.09276358416,0.1878929152,0.02825900576
446746,378617,68129,484,GUJARAT,PANCH MAHALS,0.1360952308,0.155566179,0.02788827078
7197,-,7197,636,PUDUCHERRY,MAHE,0.02778935668,-,0.02778935668
124769,63553,61216,478,GUJARAT,PORBANDAR,0.339026521,0.6388368763,0.02777051751
88878,81670,7208,5,JAMMU & KASHMIR,PUNCH,0.2655325277,0.2865189176,0.02774694784
553722,2254,551468,98,NCT OF DELHI,SOUTH DELHI,0.02763119399,0,0.02774413021
287848,168830,119018,613,TAMILNADU,KARUR,0.04828937495,0.06337736184,0.02688668941
1106567,-,1106567,603,TAMILNADU,CHENNAI,0.02674939701,-,0.02674939701
115753,77684,38069,40,PUNJAB,FATEHGARH SAHIB,0.04578715023,0.05535245353,0.02626809215
366059,339174,26885,125,RAJASTHAN,BANSWARA,0.8260963397,0.8895139368,0.02603682351
150287,124874,25413,319,ASSAM,BONGAIGAON,0.2155875092,0.1903025544,0.02528495479
61122,32212,28910,244,SIKKIM,EAST SIKKIM,0.2699518995,0.4905004346,0.02421307506
328871,261513,67358,100,RAJASTHAN,HANUMANGARH,0.2909955575,0.3598291481,0.0237536744
197101,82601,114500,52,PUNJAB,SAHIBZADA AJIT SINGH NAGAR (MOHALI),0.06798544908,0.1295383833,0.02358078603
123353,97237,26116,31,HIMACHAL PRADESH,SOLAN,0.05026225548,0.05759124613,0.02297442181
335098,217028,118070,488,GUJARAT,BHARUCH,0.06774137715,0.09261477782,0.0220208351
605074,391191,213883,620,TAMILNADU,THANJAVUR,0.03024423459,0.034765626,0.02197463099
880121,418851,461270,486,GUJARAT,VADODARA,0.2915508209,0.5885147702,0.02189606955
37891,32889,5002,266,NAGLAND,PHEK,0.04486553535,0.0486484843,0.0199920032
20474,15387,5087,250,ARUNACHAL PRADESH,West Siang,6.569307414,8.73464613,0.01965795164
165336,106870,58466,36,PUNJAB,KAPURTHALA,0.09556297479,0.1375502948,0.01881435364
269174,210593,58581,470,GUJARAT,PATAN,0.1218542653,0.1505273205,0.0187774193
30385,0,30385,94,NCT OF DELHI,NEW DELHI,0.01645548791,7,0.01645548791
149401,124419,24982,615,TAMILNADU,PERAMBALUR,0.04618442982,0.05224282465,0.0160115283
12580,6309,6271,285,MIZORAM,SERCHHIP,0.01589825119,0.01585037248,0.01594642003
179391,126220,53171,72,HARYANA,KURUKSHETRA,0.0362337018,0.04515924576,0.01504579564
57090,23485,33605,640,ANDAMAN AND NICOBAR ISLANDS,SOUTH ANDAMAN (ANDAMAN),0.04729374672,0.09367681499,0.01487873828
32617,18748,13869,286,MIZORAM,LUNGLEI,1.554404145,2.693620653,0.01442065037
176094,141266,34828,78,HARYANA,FATEHABAD,0.2345338285,0.288816842,0.01435626507
219994,204051,15943,27,HIMACHAL PRADESH,MANDI,0.05954707856,0.06321948925,0.01254469046
205119,180494,24625,529,MAHARASHTRA,SINDHUDURG,0.1608822196,0.1811694572,0.01218274112
207621,190362,17259,464,MADHYA PRADESH,JHABUA,0.06598561803,0.07091751505,0.0115881569
49692,7340,42352,495,DAMAN AND DIU,DAMAN,0.01408677453,0.0408719346,0.009444654326
95545,84501,11044,26,HIMACHAL PRADESH,KULLU,0.04709822597,0.0520703897,0.00905469033
294176,203615,90561,490,GUJARAT,NAVSARI,0.0231154139,0.02946737716,0.008833824715
13308,-,13308,634,PUDUCHERRY,YANAM,0.007514277127,-,0.007514277127
354385,827,353558,93,NCT OF DELHI,EAST DELHI,0.006772295667,0,0.0067881366
50068,25858,24210,637,PUDUCHERRY,KARAIKAL,0.01997283694,0.03480547606,0.004130524577
73063,35408,37655,496,DADRA AND NAGAR HAVELI,DADRA AND NAGAR HAVELI,0.02737363645,0.05366018979,0.002655689815
230703,69275,161428,635,PUDUCHERRY,PUDUCHERRY (PONDICHERRY),0.007368781507,0.01876578852,0.002477884877
4180,4060,120,260,ARUNACHAL,Anjaw,24.28229665,25,0
1871,1297,574,257,ARUNACHAL PRADESH,Dibang Valley,11.38428648,16.42251349,0
15962,15417,545,256,ARUNACHAL PRADESH,Kurung Kumey,5.444179927,5.636634884,0
9477,7891,1586,245,ARUNACHAL PRADESH,Tawang,1.255671626,1.508047142,0
54792,49914,4878,20,JAMMU & KASHMIR,REASI,0.5438750183,0.5970268862,0
33269,27028,6241,264,NAGLAND,WOKHA,0.4839339926,0.5956785556,0
53492,51064,2428,58,UTTARAKHAND,RUDRAPRAYAG,0.519703881,0.544414852,0
54206,52261,1945,17,JAMMU & KASHMIR,RAMBAN,0.3615835885,0.3750406613,0
15134,12066,3068,255,ARUNACHAL PRADESH,Lower Subansiri,0.1123298533,0.140891762,0
-,-,-,,,,,,
-,-,-,,,,,,
-,-,-,,,,,,
-,-,-,,,,,,
-,-,-,,,,,,
-,-,-,,,,,,
-,-,-,,,,,,
-,-,-,,,,,,
-,-,-,,,,,,
-,-,-,,,,,,
-,-,-,,,,,,
-,-,-,,,,,,
236496,190576,45920,,,,,,
-,-,-,,,,,,
-,-,-,,,,,,
-,-,-,,,,,,
-,-,-,,,,,,
-,-,-,,,,,,
-,-,-,,,,,,
-,-,-,,,,,,
-,-,-,,,,,,
-,-,-,,,,,,
-,-,-,,,,,,
-,-,-,,,,,,
-,-,-,,,,,,
-,-,-,,,,,,
-,-,-,,,,,,
-,-,-,,,,,,
-,-,-,,,,,,
-,-,-,,,,,,
-,-,-,,,,,,
-,-,-,,,,,,
-,-,-,,,,,,
-,-,-,,,,,,
-,-,-,,,,,,
-,-,-,,,,,,